wall_time_iso,elapsed_s,record_type,stage,joint1_to_base,joint2_to_joint1,joint3_to_joint2,joint4_to_joint3,joint5_to_joint4,joint6_to_joint5,gripper_position,message
2026-09-01T22:42:18.886,0.012,joint_state,initialising,-0.000114449,0.035813945,0.312542271,-0.001096082,-0.331775827,0.001002937,-0.000003141,
2026-09-01T22:42:18.995,0.121,joint_state,initialising,-0.000114449,0.035813945,0.312542271,-0.001096082,-0.331775827,0.001002937,-0.000003141,
2026-09-01T22:42:19.095,0.221,joint_state,initialising,-0.000114449,0.035813945,0.312542271,-0.001096082,-0.331775827,0.001002937,-0.000003141,
2026-09-01T22:42:19.195,0.321,joint_state,initialising,-0.000114449,0.035813945,0.312542271,-0.001096082,-0.331775827,0.001002937,-0.000003141,
2026-09-01T22:42:19.296,0.422,joint_state,initialising,-0.000114449,0.035813945,0.312542271,-0.001096082,-0.331775827,0.001002937,-0.000003141,
2026-09-01T22:42:19.405,0.531,joint_state,initialising,-0.000114449,0.035813945,0.312542271,-0.001096082,-0.331775827,0.001002937,-0.000003141,
2026-09-01T22:42:19.515,0.641,joint_state,initialising,-0.000114449,0.035813945,0.312542271,-0.001096082,-0.331775827,0.001002937,-0.000003141,
2026-09-01T22:42:19.625,0.751,joint_state,initialising,-0.000114449,0.035813945,0.312542271,-0.001096082,-0.331775827,0.001002937,-0.000003141,
2026-09-01T22:42:19.726,0.852,joint_state,initialising,-0.000114449,0.035813945,0.312542271,-0.001096082,-0.331775827,0.001002937,-0.000003141,
2026-09-01T22:42:19.826,0.952,joint_state,initialising,-0.000114449,0.035813945,0.312542271,-0.001096082,-0.331775827,0.001002937,-0.000003141,
2026-09-01T22:42:19.886,1.012,gripper_command,open_gripper,,,,,,,0.150000000,target=0.15
2026-09-01T22:42:19.927,1.052,joint_state,open_gripper,-0.000114449,0.035813941,0.312542279,-0.001096082,-0.331775801,0.001002937,0.149996623,
2026-09-01T22:42:20.027,1.153,joint_state,open_gripper,-0.000114449,0.035813941,0.312542279,-0.001096082,-0.331775801,0.001002937,0.149996623,
2026-09-01T22:42:20.137,1.262,joint_state,open_gripper,-0.000114449,0.035813941,0.312542279,-0.001096082,-0.331775801,0.001002937,0.149996623,
2026-09-01T22:42:20.237,1.363,joint_state,open_gripper,-0.000114449,0.035813941,0.312542279,-0.001096082,-0.331775801,0.001002937,0.149996623,
2026-09-01T22:42:20.337,1.463,joint_state,open_gripper,-0.000114449,0.035813941,0.312542279,-0.001096082,-0.331775801,0.001002937,0.149996623,
2026-09-01T22:42:20.447,1.573,joint_state,open_gripper,-0.000114449,0.035813941,0.312542279,-0.001096082,-0.331775801,0.001002937,0.149996623,
2026-09-01T22:42:20.548,1.673,joint_state,open_gripper,-0.000114449,0.035813941,0.312542279,-0.001096082,-0.331775801,0.001002937,0.149996623,
2026-09-01T22:42:20.658,1.783,joint_state,open_gripper,-0.000114449,0.035813941,0.312542279,-0.001096082,-0.331775801,0.001002937,0.149996623,
2026-09-01T22:42:20.758,1.884,joint_state,open_gripper,-0.000114449,0.035813941,0.312542279,-0.001096082,-0.331775801,0.001002937,0.149996623,
2026-09-01T22:42:20.868,1.994,joint_state,open_gripper,-0.000114449,0.035813941,0.312542279,-0.001096082,-0.331775801,0.001002937,0.149996623,
2026-09-01T22:42:20.968,2.094,joint_state,open_gripper,-0.000114449,0.035813941,0.312542279,-0.001096082,-0.331775801,0.001002937,0.149996623,
2026-09-01T22:42:21.069,2.194,joint_state,open_gripper,-0.000114449,0.035813941,0.312542279,-0.001096082,-0.331775801,0.001002937,0.149996623,
2026-09-01T22:42:21.178,2.304,joint_state,open_gripper,-0.000114449,0.035813941,0.312542279,-0.001096082,-0.331775801,0.001002937,0.149996623,
2026-09-01T22:42:21.289,2.415,joint_state,open_gripper,-0.000114449,0.035813941,0.312542279,-0.001096082,-0.331775801,0.001002937,0.149996623,
2026-09-01T22:42:21.398,2.524,joint_state,open_gripper,-0.000114449,0.035813941,0.312542279,-0.001096082,-0.331775801,0.001002937,0.149996623,
2026-09-01T22:42:21.499,2.625,joint_state,open_gripper,-0.000114449,0.035813941,0.312542279,-0.001096082,-0.331775801,0.001002937,0.149996623,
2026-09-01T22:42:21.609,2.734,joint_state,open_gripper,-0.000114449,0.035813941,0.312542279,-0.001096082,-0.331775801,0.001002937,0.149996623,
2026-09-01T22:42:21.709,2.835,joint_state,open_gripper,-0.000114449,0.035813941,0.312542279,-0.001096082,-0.331775801,0.001002937,0.149996623,
2026-09-01T22:42:21.809,2.935,joint_state,open_gripper,-0.000114449,0.035813941,0.312542279,-0.001096082,-0.331775801,0.001002937,0.149996623,
2026-09-01T22:42:21.888,3.014,arm_command,move_to_pick,0.501700000,0.660000000,-0.330000000,0.000000000,1.241000000,0.500000000,0.149996623,duration=6.000
2026-09-01T22:42:21.910,3.035,joint_state,move_to_pick,-0.000114477,0.035835397,0.312608201,-0.001096127,-0.331857215,0.001002940,0.149996623,
2026-09-01T22:42:22.019,3.145,joint_state,move_to_pick,0.009085452,0.047279176,0.300827879,-0.001076040,-0.303023321,0.010151229,0.149996776,
2026-09-01T22:42:22.120,3.245,joint_state,move_to_pick,0.017449024,0.057682596,0.290118495,-0.001057785,-0.276810664,0.018467861,0.149996914,
2026-09-01T22:42:22.230,3.355,joint_state,move_to_pick,0.026648953,0.069126351,0.278338169,-0.001037709,-0.247976711,0.027616162,0.149997063,
2026-09-01T22:42:22.330,3.455,joint_state,move_to_pick,0.035012525,0.079529757,0.267628776,-0.001019464,-0.221763998,0.035932803,0.149997198,
2026-09-01T22:42:22.440,3.565,joint_state,move_to_pick,0.044212455,0.090973498,0.255848438,-0.000999400,-0.192929984,0.045081115,0.149997346,
2026-09-01T22:42:22.549,3.675,joint_state,move_to_pick,0.053412385,0.102417232,0.244068093,-0.000979340,-0.164095937,0.054229430,0.149997495,
2026-09-01T22:42:22.650,3.775,joint_state,move_to_pick,0.061775959,0.112820621,0.233358681,-0.000961107,-0.137883137,0.062546085,0.149997630,
2026-09-01T22:42:22.759,3.885,joint_state,move_to_pick,0.070975890,0.124264344,0.221578319,-0.000941054,-0.109049026,0.071694407,0.149997779,
2026-09-01T22:42:22.860,3.986,joint_state,move_to_pick,0.079339465,0.134667725,0.210868892,-0.000922824,-0.082836168,0.080011065,0.149997917,
2026-09-01T22:42:22.960,4.086,joint_state,move_to_pick,0.087703041,0.145071102,0.200159456,-0.000904596,-0.056623282,0.088327724,0.149998055,
2026-09-01T22:42:23.061,4.186,joint_state,move_to_pick,0.096066618,0.155474477,0.189450011,-0.000886366,-0.030410368,0.096644382,0.149998196,
2026-09-01T22:42:23.161,4.287,joint_state,move_to_pick,0.104430195,0.165877849,0.178740558,-0.000868135,-0.004197425,0.104961039,0.149998338,
2026-09-01T22:42:23.270,4.396,joint_state,move_to_pick,0.113630130,0.177321556,0.166960147,-0.000848077,0.024636844,0.114109358,0.149998496,
2026-09-01T22:42:23.371,4.496,joint_state,move_to_pick,0.121993709,0.187724925,0.156250672,-0.000829839,0.050849845,0.122426008,0.149998642,
2026-09-01T22:42:23.481,4.607,joint_state,move_to_pick,0.131193645,0.199168630,0.144470238,-0.000809774,0.079684178,0.131574319,0.149998804,
2026-09-01T22:42:23.582,4.707,joint_state,move_to_pick,0.139557224,0.209571998,0.133760740,-0.000791528,0.105897237,0.139890960,0.149998953,
2026-09-01T22:42:23.691,4.817,joint_state,move_to_pick,0.148757162,0.221015704,0.121980280,-0.000771453,0.134731633,0.149039261,0.149999117,
2026-09-01T22:42:23.801,4.927,joint_state,move_to_pick,0.157957099,0.232459410,0.110199805,-0.000751373,0.163566062,0.158187558,0.149999283,
2026-09-01T22:42:23.902,5.027,joint_state,move_to_pick,0.166320678,0.242862781,0.099490271,-0.000733115,0.189779206,0.166504187,0.149999435,
2026-09-01T22:42:24.011,5.137,joint_state,move_to_pick,0.175520615,0.254306491,0.087709768,-0.000713029,0.218613695,0.175652476,0.149999603,
2026-09-01T22:42:24.112,5.237,joint_state,move_to_pick,0.183884194,0.264709866,0.077000207,-0.000694767,0.244826892,0.183969099,0.149999756,
2026-09-01T22:42:24.222,5.348,joint_state,move_to_pick,0.193084130,0.276153581,0.065219676,-0.000674677,0.273661438,0.193117383,0.149999925,
2026-09-01T22:42:24.323,5.448,joint_state,move_to_pick,0.201447709,0.286556962,0.054510089,-0.000656404,0.299874686,0.201433996,0.150000000,
2026-09-01T22:42:24.423,5.549,joint_state,move_to_pick,0.209811287,0.296960345,0.043800490,-0.000638123,0.326087955,0.209750601,0.150000001,
2026-09-01T22:42:24.532,5.658,joint_state,move_to_pick,0.219011222,0.308404072,0.032019916,-0.000618014,0.354922578,0.218898866,0.150000001,
2026-09-01T22:42:24.633,5.758,joint_state,move_to_pick,0.227374799,0.318807463,0.021310289,-0.000599734,0.381135893,0.227215470,0.150000001,
2026-09-01T22:42:24.742,5.868,joint_state,move_to_pick,0.236574734,0.330251200,0.009529685,-0.000579627,0.409970565,0.236363736,0.150000001,
2026-09-01T22:42:24.843,5.968,joint_state,move_to_pick,0.244938311,0.340654601,-0.001179969,-0.000561349,0.436183923,0.244680342,0.150000001,
2026-09-01T22:42:24.943,6.068,joint_state,move_to_pick,0.253301888,0.351058007,-0.011889635,-0.000543072,0.462397301,0.252996950,0.150000001,
2026-09-01T22:42:25.043,6.169,joint_state,move_to_pick,0.261665464,0.361461419,-0.022599315,-0.000524798,0.488610697,0.261313559,0.150000001,
2026-09-01T22:42:25.143,6.269,joint_state,move_to_pick,0.270029050,0.371864845,-0.033309019,-0.000506654,0.514824134,0.269630293,0.150001396,
2026-09-01T22:42:25.244,6.370,joint_state,move_to_pick,0.278392618,0.382268258,-0.044018712,-0.000488254,0.541037541,0.277946781,0.150000002,
2026-09-01T22:42:25.353,6.479,joint_state,move_to_pick,0.287592553,0.393712029,-0.055799402,-0.000468158,0.569872333,0.287095057,0.150000002,
2026-09-01T22:42:25.454,6.579,joint_state,move_to_pick,0.295956130,0.404115464,-0.066509133,-0.000449892,0.596085796,0.295411672,0.150000002,
2026-09-01T22:42:25.564,6.689,joint_state,move_to_pick,0.305156065,0.415559249,-0.078289851,-0.000429800,0.624920622,0.304559950,0.150000003,
2026-09-01T22:42:25.664,6.790,joint_state,move_to_pick,0.313519642,0.425962696,-0.088999607,-0.000411537,0.651134114,0.312876568,0.150000003,
2026-09-01T22:42:25.764,6.890,joint_state,move_to_pick,0.321883220,0.436366149,-0.099709375,-0.000393276,0.677347619,0.321193187,0.150000003,
2026-09-01T22:42:25.864,6.990,joint_state,move_to_pick,0.330246798,0.446769608,-0.110419154,-0.000375016,0.703561135,0.329509807,0.150000004,
2026-09-01T22:42:25.974,7.100,joint_state,move_to_pick,0.339446734,0.458213420,-0.122199924,-0.000354932,0.732396015,0.338658090,0.150000004,
2026-09-01T22:42:26.074,7.200,joint_state,move_to_pick,0.347810312,0.468616892,-0.132909726,-0.000336675,0.758609553,0.346974712,0.150000004,
2026-09-01T22:42:26.174,7.300,joint_state,move_to_pick,0.356173891,0.479020369,-0.143619539,-0.000318419,0.784823100,0.355291334,0.150000005,
2026-09-01T22:42:26.284,7.410,joint_state,move_to_pick,0.365373828,0.490464202,-0.155400345,-0.000298339,0.813658012,0.364439618,0.150000005,
2026-09-01T22:42:26.385,7.510,joint_state,move_to_pick,0.373737407,0.500867692,-0.166110179,-0.000280085,0.839871576,0.372756241,0.150000006,
2026-09-01T22:42:26.485,7.611,joint_state,move_to_pick,0.382100986,0.511271189,-0.176820022,-0.000261833,0.866085146,0.381072863,0.150000006,
2026-09-01T22:42:26.595,7.721,joint_state,move_to_pick,0.391300924,0.522715041,-0.188600861,-0.000241755,0.894920081,0.390221147,0.150000006,
2026-09-01T22:42:26.705,7.831,joint_state,move_to_pick,0.400500862,0.534158900,-0.200381711,-0.000221679,0.923755023,0.399369431,0.150000007,
2026-09-01T22:42:26.806,7.931,joint_state,move_to_pick,0.408864441,0.544562414,-0.211091583,-0.000203429,0.949968611,0.407686053,0.150000008,
2026-09-01T22:42:26.916,8.041,joint_state,move_to_pick,0.418064380,0.556006286,-0.222872453,-0.000183354,0.978803562,0.416834335,0.150000008,
2026-09-01T22:42:27.026,8.152,joint_state,move_to_pick,0.427264318,0.567450164,-0.234653332,-0.000163279,1.007638518,0.425982617,0.150000009,
2026-09-01T22:42:27.126,8.252,joint_state,move_to_pick,0.435627898,0.577853694,-0.245363230,-0.000145030,1.033852116,0.434299236,0.150000009,
2026-09-01T22:42:27.226,8.352,joint_state,move_to_pick,0.443991478,0.588257230,-0.256073136,-0.000126781,1.060065717,0.442615855,0.150000010,
2026-09-01T22:42:27.327,8.452,joint_state,move_to_pick,0.452355059,0.598660770,-0.266783049,-0.000108532,1.086279319,0.450932472,0.150000011,
2026-09-01T22:42:27.436,8.562,joint_state,move_to_pick,0.461554997,0.610104669,-0.278563962,-0.000088459,1.115114282,0.460080750,0.150000011,
2026-09-01T22:42:27.546,8.672,joint_state,move_to_pick,0.470754936,0.621548573,-0.290344882,-0.000068386,1.143949246,0.469229026,0.150000012,
2026-09-01T22:42:27.656,8.782,joint_state,move_to_pick,0.479954875,0.632992482,-0.302125810,-0.000048313,1.172784210,0.478377302,0.150000013,
2026-09-01T22:42:27.757,8.883,joint_state,move_to_pick,0.488318455,0.643396040,-0.312835751,-0.000030065,1.198997812,0.486693914,0.150000013,
2026-09-01T22:42:27.857,8.983,joint_state,move_to_pick,0.496682036,0.653799601,-0.323545698,-0.000011817,1.225211414,0.495010525,0.150000014,
2026-09-01T22:42:27.967,9.093,joint_state,move_to_pick,0.501700182,0.660041732,-0.329971662,-0.000000865,1.240939572,0.500000488,0.150000015,
2026-09-01T22:42:28.067,9.193,joint_state,move_to_pick,0.501700182,0.660041732,-0.329971662,-0.000000865,1.240939572,0.500000488,0.150000015,
2026-09-01T22:42:28.177,9.303,joint_state,move_to_pick,0.501700182,0.660041732,-0.329971662,-0.000000865,1.240939572,0.500000488,0.150000015,
2026-09-01T22:42:28.287,9.413,joint_state,move_to_pick,0.501700182,0.660041732,-0.329971662,-0.000000865,1.240939572,0.500000488,0.150000015,
2026-09-01T22:42:28.388,9.514,joint_state,move_to_pick,0.501700182,0.660041732,-0.329971662,-0.000000865,1.240939572,0.500000488,0.150000015,
2026-09-01T22:42:28.390,9.516,gripper_command,close_gripper,,,,,,,-0.350000000,target=-0.35
2026-09-01T22:42:28.498,9.624,joint_state,close_gripper,0.501700250,0.660041793,-0.329971725,-0.000001274,1.240939646,0.500000698,-0.349993986,
2026-09-01T22:42:28.608,9.733,joint_state,close_gripper,0.501700250,0.660041793,-0.329971725,-0.000001274,1.240939646,0.500000698,-0.349993986,
2026-09-01T22:42:28.708,9.834,joint_state,close_gripper,0.501700250,0.660041793,-0.329971725,-0.000001274,1.240939646,0.500000698,-0.349993986,
2026-09-01T22:42:28.818,9.943,joint_state,close_gripper,0.501700250,0.660041793,-0.329971725,-0.000001274,1.240939646,0.500000698,-0.349993986,
2026-09-01T22:42:28.927,10.053,joint_state,close_gripper,0.501700250,0.660041793,-0.329971725,-0.000001274,1.240939646,0.500000698,-0.349993986,
2026-09-01T22:42:29.027,10.153,joint_state,close_gripper,0.501700250,0.660041793,-0.329971725,-0.000001274,1.240939646,0.500000698,-0.349993986,
2026-09-01T22:42:29.127,10.253,joint_state,close_gripper,0.501700250,0.660041793,-0.329971725,-0.000001274,1.240939646,0.500000698,-0.349993986,
2026-09-01T22:42:29.228,10.353,joint_state,close_gripper,0.501700250,0.660041793,-0.329971725,-0.000001274,1.240939646,0.500000698,-0.349993986,
2026-09-01T22:42:29.328,10.453,joint_state,close_gripper,0.501700250,0.660041793,-0.329971725,-0.000001274,1.240939646,0.500000698,-0.349993986,
2026-09-01T22:42:29.428,10.554,joint_state,close_gripper,0.501700250,0.660041793,-0.329971725,-0.000001274,1.240939646,0.500000698,-0.349993986,
2026-09-01T22:42:29.538,10.664,joint_state,close_gripper,0.501700250,0.660041793,-0.329971725,-0.000001274,1.240939646,0.500000698,-0.349993986,
2026-09-01T22:42:29.648,10.774,joint_state,close_gripper,0.501700250,0.660041793,-0.329971725,-0.000001274,1.240939646,0.500000698,-0.349993986,
2026-09-01T22:42:29.748,10.874,joint_state,close_gripper,0.501700250,0.660041793,-0.329971725,-0.000001274,1.240939646,0.500000698,-0.349993986,
2026-09-01T22:42:29.858,10.984,joint_state,close_gripper,0.501700250,0.660041793,-0.329971725,-0.000001274,1.240939646,0.500000698,-0.349993986,
2026-09-01T22:42:29.959,11.085,joint_state,close_gripper,0.501700250,0.660041793,-0.329971725,-0.000001274,1.240939646,0.500000698,-0.349993986,
2026-09-01T22:42:30.059,11.185,joint_state,close_gripper,0.501700250,0.660041793,-0.329971725,-0.000001274,1.240939646,0.500000698,-0.349993986,
2026-09-01T22:42:30.159,11.285,joint_state,close_gripper,0.501700250,0.660041793,-0.329971725,-0.000001274,1.240939646,0.500000698,-0.349993986,
2026-09-01T22:42:30.269,11.395,joint_state,close_gripper,0.501700250,0.660041793,-0.329971725,-0.000001274,1.240939646,0.500000698,-0.349993986,
2026-09-01T22:42:30.369,11.495,joint_state,close_gripper,0.501700250,0.660041793,-0.329971725,-0.000001274,1.240939646,0.500000698,-0.349993986,
2026-09-01T22:42:30.393,11.519,service_response,attach_object,,,,,,,-0.349993986,attach success
2026-09-01T22:42:30.395,11.521,arm_command,lift_object,0.501700000,0.660000000,-0.530000000,0.000000000,1.441000000,0.500000000,-0.349993986,duration=6.000
2026-09-01T22:42:30.471,11.597,joint_state,lift_object,0.501699753,0.660079063,-0.331960936,0.000000319,1.242905339,0.499999997,-0.349991790,
2026-09-01T22:42:30.581,11.707,joint_state,lift_object,0.501699773,0.660078216,-0.335627514,0.000000293,1.246572629,0.500000034,-0.349991649,
2026-09-01T22:42:30.682,11.807,joint_state,lift_object,0.501699786,0.660077442,-0.338960760,-0.000000302,1.249906503,0.500000051,-0.349991586,
2026-09-01T22:42:30.791,11.917,joint_state,lift_object,0.501699800,0.660076590,-0.342627330,0.000000405,1.253573764,0.500000071,-0.349991517,
2026-09-01T22:42:30.892,12.018,joint_state,lift_object,0.501699814,0.660075817,-0.345960575,-0.000000298,1.256907638,0.500000088,-0.349991453,
2026-09-01T22:42:31.001,12.127,joint_state,lift_object,0.501699828,0.660074966,-0.349627145,-0.000000329,1.260574899,0.500000108,-0.349991384,
2026-09-01T22:42:31.102,12.228,joint_state,lift_object,0.501699841,0.660074192,-0.352960390,-0.000000384,1.263908773,0.500000125,-0.349991320,
2026-09-01T22:42:31.202,12.328,joint_state,lift_object,0.501699855,0.660073419,-0.356293635,-0.000000463,1.267242648,0.500000142,-0.349991257,
2026-09-01T22:42:31.303,12.428,joint_state,lift_object,0.501699868,0.660072646,-0.359626880,-0.000000430,1.270576522,0.500000160,-0.349991193,
2026-09-01T22:42:31.412,12.538,joint_state,lift_object,0.501699883,0.660071796,-0.363293450,0.000000297,1.274243784,0.500000179,-0.349991123,
2026-09-01T22:42:31.512,12.638,joint_state,lift_object,0.501699896,0.660071023,-0.366626695,-0.000000300,1.277577659,0.500000196,-0.349991060,
2026-09-01T22:42:31.612,12.738,joint_state,lift_object,0.501699909,0.660070251,-0.369959940,-0.000000307,1.280911534,0.500000213,-0.349990996,
2026-09-01T22:42:31.722,12.848,joint_state,lift_object,0.501699924,0.660069401,-0.373626509,-0.000000332,1.284578797,0.500000232,-0.349990926,
2026-09-01T22:42:31.823,12.948,joint_state,lift_object,0.501699937,0.660068629,-0.376959754,-0.000000380,1.287912672,0.500000249,-0.349990862,
2026-09-01T22:42:31.932,13.058,joint_state,lift_object,0.501699952,0.660067780,-0.380626323,-0.000000433,1.291579936,0.500000268,-0.349990791,
2026-09-01T22:42:32.043,13.168,joint_state,lift_object,0.501699967,0.660066931,-0.384292892,-0.000000485,1.295247199,0.500000287,-0.349990721,
2026-09-01T22:42:32.143,13.269,joint_state,lift_object,0.501699980,0.660066160,-0.387626137,-0.000000534,1.298581075,0.500000303,-0.349990657,
2026-09-01T22:42:32.244,13.370,joint_state,lift_object,0.501699993,0.660065389,-0.390959381,-0.000000582,1.301914951,0.500000320,-0.349990592,
2026-09-01T22:42:32.354,13.480,joint_state,lift_object,0.501700008,0.660064540,-0.394625950,-0.000000635,1.305582215,0.500000339,-0.349990522,
2026-09-01T22:42:32.464,13.590,joint_state,lift_object,0.501700023,0.660063692,-0.398292519,-0.000000688,1.309249479,0.500000357,-0.349990451,
2026-09-01T22:42:32.574,13.700,joint_state,lift_object,0.501700038,0.660062844,-0.401959088,-0.000000741,1.312916743,0.500000375,-0.349990380,
2026-09-01T22:42:32.684,13.810,joint_state,lift_object,0.501700052,0.660061997,-0.405625657,-0.000000794,1.316584008,0.500000394,-0.349990309,
2026-09-01T22:42:32.794,13.920,joint_state,lift_object,0.501700067,0.660061150,-0.409292226,-0.000000847,1.320251273,0.500000412,-0.349990237,
2026-09-01T22:42:32.894,14.020,joint_state,lift_object,0.501700081,0.660060380,-0.412625471,-0.000000896,1.323585151,0.500000428,-0.349990173,
2026-09-01T22:42:32.994,14.120,joint_state,lift_object,0.501700094,0.660059610,-0.415958715,-0.000000944,1.326919028,0.500000445,-0.349990108,
2026-09-01T22:42:33.094,14.220,joint_state,lift_object,0.501700108,0.660058840,-0.419291960,-0.000000993,1.330252906,0.500000461,-0.349990043,
2026-09-01T22:42:33.204,14.330,joint_state,lift_object,0.501700122,0.660057994,-0.422958529,-0.000001046,1.333920172,0.500000479,-0.349989971,
2026-09-01T22:42:33.314,14.440,joint_state,lift_object,0.501700137,0.660057147,-0.426625098,-0.000001100,1.337587438,0.500000497,-0.349989900,
2026-09-01T22:42:33.415,14.541,joint_state,lift_object,0.501700151,0.660056378,-0.429958342,-0.000001149,1.340921317,0.500000513,-0.349989835,
2026-09-01T22:42:33.515,14.641,joint_state,lift_object,0.501700164,0.660055610,-0.433291587,-0.000001197,1.344255195,0.500000529,-0.349989769,
2026-09-01T22:42:33.615,14.741,joint_state,lift_object,0.501700178,0.660054841,-0.436624832,-0.000001246,1.347589074,0.500000545,-0.349989704,
2026-09-01T22:42:33.716,14.842,joint_state,lift_object,0.501700192,0.660054073,-0.439958076,-0.000001295,1.350922954,0.500000561,-0.349989639,
2026-09-01T22:42:33.825,14.951,joint_state,lift_object,0.501700206,0.660053228,-0.443624646,-0.000001349,1.354590221,0.500000578,-0.349989566,
2026-09-01T22:42:33.925,15.051,joint_state,lift_object,0.501700220,0.660052460,-0.446957890,-0.000001398,1.357924101,0.500000594,-0.349989501,
2026-09-01T22:42:34.026,15.151,joint_state,lift_object,0.501700234,0.660051692,-0.450291135,-0.000001447,1.361257981,0.500000610,-0.349989435,
2026-09-01T22:42:34.136,15.261,joint_state,lift_object,0.501700249,0.660050848,-0.453957705,-0.000001502,1.364925249,0.500000627,-0.349989363,
2026-09-01T22:42:34.236,15.362,joint_state,lift_object,0.501700262,0.660050081,-0.457290949,-0.000001551,1.368259130,0.500000642,-0.349989297,
2026-09-01T22:42:34.336,15.462,joint_state,lift_object,0.501700276,0.660049314,-0.460624194,-0.000001600,1.371593011,0.500000658,-0.349989231,
2026-09-01T22:42:34.436,15.562,joint_state,lift_object,0.501700290,0.660048547,-0.463957440,-0.000001650,1.374926892,0.500000673,-0.349989165,
2026-09-01T22:42:34.536,15.662,joint_state,lift_object,0.501700303,0.660047780,-0.467290685,-0.000001699,1.378260773,0.500000689,-0.349989099,
2026-09-01T22:42:34.636,15.762,joint_state,lift_object,0.501700317,0.660047014,-0.470623930,-0.000001749,1.381594655,0.500000704,-0.349989033,
2026-09-01T22:42:34.736,15.862,joint_state,lift_object,0.501700331,0.660046248,-0.473957175,-0.000001798,1.384928537,0.500000719,-0.349988967,
2026-09-01T22:42:34.847,15.972,joint_state,lift_object,0.501700346,0.660045406,-0.477623745,-0.000001853,1.388595807,0.500000736,-0.349988894,
2026-09-01T22:42:34.957,16.082,joint_state,lift_object,0.501700361,0.660044564,-0.481290316,-0.000001908,1.392263078,0.500000752,-0.349988821,
2026-09-01T22:42:35.057,16.183,joint_state,lift_object,0.501700375,0.660043799,-0.484623561,-0.000001957,1.395596961,0.500000767,-0.349988755,
2026-09-01T22:42:35.166,16.292,joint_state,lift_object,0.501700390,0.660042957,-0.488290132,-0.000002012,1.399264232,0.500000784,-0.349988682,
2026-09-01T22:42:35.267,16.393,joint_state,lift_object,0.501700404,0.660042192,-0.491623378,-0.000002062,1.402598116,0.500000799,-0.349988615,
2026-09-01T22:42:35.377,16.503,joint_state,lift_object,0.501700419,0.660041352,-0.495289948,-0.000002117,1.406265388,0.500000815,-0.349988542,
2026-09-01T22:42:35.477,16.603,joint_state,lift_object,0.501700433,0.660040587,-0.498623195,-0.000002168,1.409599272,0.500000830,-0.349988475,
2026-09-01T22:42:35.577,16.703,joint_state,lift_object,0.501700447,0.660039824,-0.501956441,-0.000002218,1.412933157,0.500000844,-0.349988408,
2026-09-01T22:42:35.688,16.813,joint_state,lift_object,0.501700462,0.660038984,-0.505623012,-0.000002273,1.416600430,0.500000860,-0.349988335,
2026-09-01T22:42:35.797,16.923,joint_state,lift_object,0.501700477,0.660038144,-0.509289584,-0.000002328,1.420267704,0.500000876,-0.349988261,
2026-09-01T22:42:35.908,17.033,joint_state,lift_object,0.501700492,0.660037305,-0.512956155,-0.000002384,1.423934978,0.500000892,-0.349988187,
2026-09-01T22:42:36.008,17.133,joint_state,lift_object,0.501700506,0.660036542,-0.516289403,-0.000002434,1.427268864,0.500000906,-0.349988120,
2026-09-01T22:42:36.108,17.234,joint_state,lift_object,0.501700520,0.660035780,-0.519622650,-0.000002485,1.430602750,0.500000920,-0.349988053,
2026-09-01T22:42:36.208,17.334,joint_state,lift_object,0.501700534,0.660035018,-0.522955897,-0.000002536,1.433936637,0.500000935,-0.349987986,
2026-09-01T22:42:36.308,17.434,joint_state,lift_object,0.501700548,0.660034256,-0.526289145,-0.000002586,1.437270524,0.500000949,-0.349987918,
2026-09-01T22:42:36.409,17.535,joint_state,lift_object,0.501700562,0.660033494,-0.529622393,-0.000002637,1.440604412,0.500000963,-0.349987851,
2026-09-01T22:42:36.518,17.644,joint_state,lift_object,0.501700563,0.660033416,-0.529955716,-0.000002642,1.440937800,0.500000964,-0.349987844,
2026-09-01T22:42:36.619,17.744,joint_state,lift_object,0.501700563,0.660033416,-0.529955716,-0.000002642,1.440937800,0.500000964,-0.349987844,
2026-09-01T22:42:36.729,17.854,joint_state,lift_object,0.501700563,0.660033416,-0.529955716,-0.000002642,1.440937800,0.500000964,-0.349987844,
2026-09-01T22:42:36.829,17.955,joint_state,lift_object,0.501700563,0.660033416,-0.529955716,-0.000002642,1.440937800,0.500000964,-0.349987844,
2026-09-01T22:42:36.897,18.022,arm_command,transfer_object,-0.501700000,0.660000000,-0.530000000,0.000000000,1.441000000,0.500000000,-0.349987844,duration=8.000
2026-09-01T22:42:36.939,18.065,joint_state,transfer_object,0.497938370,0.660066712,-0.529911605,-0.000005269,1.440875833,0.500001920,-0.349987846,
2026-09-01T22:42:37.039,18.165,joint_state,transfer_object,0.485395863,0.660066294,-0.529912159,-0.000005236,1.440876610,0.500001907,-0.349987846,
2026-09-01T22:42:37.149,18.275,joint_state,transfer_object,0.471599105,0.660065835,-0.529912768,-0.000005199,1.440877465,0.500001894,-0.349987846,
2026-09-01T22:42:37.249,18.375,joint_state,transfer_object,0.459056598,0.660065417,-0.529913321,-0.000005166,1.440878243,0.500001882,-0.349987846,
2026-09-01T22:42:37.359,18.485,joint_state,transfer_object,0.445259840,0.660064957,-0.529913930,-0.000005130,1.440879098,0.500001869,-0.349987846,
2026-09-01T22:42:37.469,18.595,joint_state,transfer_object,0.431463083,0.660064498,-0.529914539,-0.000005094,1.440879953,0.500001856,-0.349987846,
2026-09-01T22:42:37.569,18.695,joint_state,transfer_object,0.418920576,0.660064080,-0.529915092,-0.000005061,1.440880731,0.500001844,-0.349987846,
2026-09-01T22:42:37.669,18.795,joint_state,transfer_object,0.406378069,0.660063662,-0.529915646,-0.000005028,1.440881508,0.500001831,-0.349987846,
2026-09-01T22:42:37.770,18.896,joint_state,transfer_object,0.393835562,0.660063244,-0.529916199,-0.000004995,1.440882286,0.500001819,-0.349987846,
2026-09-01T22:42:37.870,18.996,joint_state,transfer_object,0.381293055,0.660062827,-0.529916753,-0.000004962,1.440883063,0.500001807,-0.349987846,
2026-09-01T22:42:37.971,19.096,joint_state,transfer_object,0.368750548,0.660062409,-0.529917306,-0.000004929,1.440883841,0.500001795,-0.349987846,
2026-09-01T22:42:38.071,19.196,joint_state,transfer_object,0.356208040,0.660061991,-0.529917860,-0.000004896,1.440884619,0.500001783,-0.349987846,
2026-09-01T22:42:38.181,19.307,joint_state,transfer_object,0.342411283,0.660061532,-0.529918468,-0.000004859,1.440885474,0.500001770,-0.349987846,
2026-09-01T22:42:38.281,19.407,joint_state,transfer_object,0.329868776,0.660061114,-0.529919022,-0.000004826,1.440886251,0.500001758,-0.349987846,
2026-09-01T22:42:38.392,19.517,joint_state,transfer_object,0.316072018,0.660060654,-0.529919631,-0.000004790,1.440887107,0.500001745,-0.349987846,
2026-09-01T22:42:38.501,19.627,joint_state,transfer_object,0.302275260,0.660060195,-0.529920239,-0.000004754,1.440887962,0.500001731,-0.349987846,
2026-09-01T22:42:38.611,19.737,joint_state,transfer_object,0.288478502,0.660059735,-0.529920848,-0.000004717,1.440888817,0.500001718,-0.349987846,
2026-09-01T22:42:38.721,19.847,joint_state,transfer_object,0.274681745,0.660059276,-0.529921457,-0.000004681,1.440889672,0.500001705,-0.349987846,
2026-09-01T22:42:38.831,19.957,joint_state,transfer_object,0.260884987,0.660058816,-0.529922066,-0.000004645,1.440890528,0.500001692,-0.349987846,
2026-09-01T22:42:38.931,20.057,joint_state,transfer_object,0.248342480,0.660058398,-0.529922619,-0.000004612,1.440891305,0.500001680,-0.349987846,
2026-09-01T22:42:39.032,20.157,joint_state,transfer_object,0.235799973,0.660057981,-0.529923173,-0.000004579,1.440892083,0.500001668,-0.349987846,
2026-09-01T22:42:39.132,20.258,joint_state,transfer_object,0.223257466,0.660057563,-0.529923726,-0.000004546,1.440892860,0.500001655,-0.349987846,
2026-09-01T22:42:39.232,20.358,joint_state,transfer_object,0.210714959,0.660057145,-0.529924280,-0.000004513,1.440893638,0.500001643,-0.349987846,
2026-09-01T22:42:39.332,20.458,joint_state,transfer_object,0.198172452,0.660056727,-0.529924833,-0.000004480,1.440894415,0.500001631,-0.349987846,
2026-09-01T22:42:39.433,20.558,joint_state,transfer_object,0.185629945,0.660056310,-0.529925387,-0.000004447,1.440895193,0.500001619,-0.349987846,
2026-09-01T22:42:39.533,20.659,joint_state,transfer_object,0.173087438,0.660055892,-0.529925940,-0.000004414,1.440895970,0.500001607,-0.349987846,
2026-09-01T22:42:39.642,20.768,joint_state,transfer_object,0.159290680,0.660055432,-0.529926549,-0.000004377,1.440896825,0.500001594,-0.349987846,
2026-09-01T22:42:39.743,20.869,joint_state,transfer_object,0.146748173,0.660055015,-0.529927103,-0.000004344,1.440897603,0.500001582,-0.349987846,
2026-09-01T22:42:39.843,20.969,joint_state,transfer_object,0.134205666,0.660054597,-0.529927656,-0.000004311,1.440898380,0.500001570,-0.349987846,
2026-09-01T22:42:39.943,21.069,joint_state,transfer_object,0.121663159,0.660054179,-0.529928209,-0.000004278,1.440899158,0.500001558,-0.349987846,
2026-09-01T22:42:40.053,21.179,joint_state,transfer_object,0.107866401,0.660053720,-0.529928818,-0.000004242,1.440900013,0.500001545,-0.349987846,
2026-09-01T22:42:40.153,21.279,joint_state,transfer_object,0.095323894,0.660053302,-0.529929372,-0.000004209,1.440900791,0.500001533,-0.349987846,
2026-09-01T22:42:40.254,21.379,joint_state,transfer_object,0.082781387,0.660052884,-0.529929925,-0.000004176,1.440901568,0.500001520,-0.349987846,
2026-09-01T22:42:40.354,21.480,joint_state,transfer_object,0.070238880,0.660052466,-0.529930479,-0.000004143,1.440902346,0.500001508,-0.349987845,
2026-09-01T22:42:40.464,21.590,joint_state,transfer_object,0.056442122,0.660052007,-0.529931088,-0.000004107,1.440903201,0.500001495,-0.349987845,
2026-09-01T22:42:40.564,21.690,joint_state,transfer_object,0.043899615,0.660051589,-0.529931641,-0.000004073,1.440903979,0.500001483,-0.349987845,
2026-09-01T22:42:40.674,21.800,joint_state,transfer_object,0.030102857,0.660051130,-0.529932250,-0.000004037,1.440904834,0.500001470,-0.349987845,
2026-09-01T22:42:40.784,21.909,joint_state,transfer_object,0.016306100,0.660050670,-0.529932859,-0.000004001,1.440905689,0.500001457,-0.349987845,
2026-09-01T22:42:40.894,22.019,joint_state,transfer_object,0.002509342,0.660050211,-0.529933468,-0.000003965,1.440906544,0.500001443,-0.349987845,
2026-09-01T22:42:40.994,22.120,joint_state,transfer_object,-0.010033165,0.660049793,-0.529934021,-0.000003931,1.440907322,0.500001431,-0.349987845,
2026-09-01T22:42:41.094,22.220,joint_state,transfer_object,-0.022575672,0.660049375,-0.529934575,-0.000003898,1.440908099,0.500001419,-0.349987845,
2026-09-01T22:42:41.204,22.330,joint_state,transfer_object,-0.036372430,0.660048916,-0.529935183,-0.000003862,1.440908955,0.500001406,-0.349987845,
2026-09-01T22:42:41.314,22.440,joint_state,transfer_object,-0.050169188,0.660048456,-0.529935792,-0.000003826,1.440909810,0.500001393,-0.349987845,
2026-09-01T22:42:41.415,22.540,joint_state,transfer_object,-0.062711695,0.660048038,-0.529936346,-0.000003793,1.440910587,0.500001381,-0.349987845,
2026-09-01T22:42:41.515,22.641,joint_state,transfer_object,-0.075254202,0.660047621,-0.529936899,-0.000003760,1.440911365,0.500001369,-0.349987845,
2026-09-01T22:42:41.615,22.741,joint_state,transfer_object,-0.087796709,0.660047203,-0.529937453,-0.000003727,1.440912142,0.500001357,-0.349987845,
2026-09-01T22:42:41.715,22.841,joint_state,transfer_object,-0.100339216,0.660046785,-0.529938006,-0.000003694,1.440912920,0.500001344,-0.349987845,
2026-09-01T22:42:41.815,22.941,joint_state,transfer_object,-0.112881723,0.660046367,-0.529938560,-0.000003661,1.440913697,0.500001332,-0.349987845,
2026-09-01T22:42:41.916,23.041,joint_state,transfer_object,-0.125424230,0.660045950,-0.529939113,-0.000003628,1.440914475,0.500001320,-0.349987845,
2026-09-01T22:42:42.025,23.151,joint_state,transfer_object,-0.139220988,0.660045490,-0.529939722,-0.000003591,1.440915330,0.500001307,-0.349987845,
2026-09-01T22:42:42.126,23.252,joint_state,transfer_object,-0.151763495,0.660045072,-0.529940275,-0.000003558,1.440916108,0.500001295,-0.349987845,
2026-09-01T22:42:42.236,23.361,joint_state,transfer_object,-0.165560252,0.660044613,-0.529940884,-0.000003522,1.440916963,0.500001282,-0.349987845,
2026-09-01T22:42:42.336,23.462,joint_state,transfer_object,-0.178102759,0.660044195,-0.529941438,-0.000003489,1.440917740,0.500001270,-0.349987845,
2026-09-01T22:42:42.446,23.572,joint_state,transfer_object,-0.191899517,0.660043736,-0.529942046,-0.000003453,1.440918596,0.500001256,-0.349987845,
2026-09-01T22:42:42.546,23.672,joint_state,transfer_object,-0.204442024,0.660043318,-0.529942600,-0.000003420,1.440919373,0.500001244,-0.349987845,
2026-09-01T22:42:42.647,23.772,joint_state,transfer_object,-0.216984531,0.660042900,-0.529943153,-0.000003387,1.440920151,0.500001232,-0.349987845,
2026-09-01T22:42:42.747,23.872,joint_state,transfer_object,-0.229527038,0.660042482,-0.529943707,-0.000003354,1.440920928,0.500001220,-0.349987845,
2026-09-01T22:42:42.848,23.974,joint_state,transfer_object,-0.242069545,0.660042065,-0.529944260,-0.000003321,1.440921706,0.500001208,-0.349987845,
2026-09-01T22:42:42.958,24.084,joint_state,transfer_object,-0.255866303,0.660041605,-0.529944869,-0.000003284,1.440922561,0.500001195,-0.349987845,
2026-09-01T22:42:43.068,24.193,joint_state,transfer_object,-0.269663061,0.660041146,-0.529945478,-0.000003248,1.440923416,0.500001182,-0.349987845,
2026-09-01T22:42:43.177,24.303,joint_state,transfer_object,-0.283459819,0.660040686,-0.529946087,-0.000003212,1.440924271,0.500001169,-0.349987845,
2026-09-01T22:42:43.277,24.403,joint_state,transfer_object,-0.296002326,0.660040268,-0.529946640,-0.000003179,1.440925049,0.500001156,-0.349987845,
2026-09-01T22:42:43.378,24.504,joint_state,transfer_object,-0.308544833,0.660039850,-0.529947194,-0.000003146,1.440925826,0.500001144,-0.349987845,
2026-09-01T22:42:43.488,24.614,joint_state,transfer_object,-0.322341590,0.660039391,-0.529947802,-0.000003109,1.440926682,0.500001131,-0.349987845,
2026-09-01T22:42:43.588,24.714,joint_state,transfer_object,-0.334884097,0.660038973,-0.529948356,-0.000003076,1.440927459,0.500001119,-0.349987845,
2026-09-01T22:42:43.698,24.824,joint_state,transfer_object,-0.348680855,0.660038514,-0.529948965,-0.000003040,1.440928314,0.500001106,-0.349987845,
2026-09-01T22:42:43.808,24.934,joint_state,transfer_object,-0.362477613,0.660038054,-0.529949573,-0.000003004,1.440929170,0.500001093,-0.349987845,
2026-09-01T22:42:43.918,25.044,joint_state,transfer_object,-0.376274371,0.660037595,-0.529950182,-0.000002967,1.440930025,0.500001079,-0.349987845,
2026-09-01T22:42:44.018,25.144,joint_state,transfer_object,-0.388816878,0.660037177,-0.529950736,-0.000002934,1.440930802,0.500001067,-0.349987845,
2026-09-01T22:42:44.118,25.244,joint_state,transfer_object,-0.401359385,0.660036759,-0.529951289,-0.000002901,1.440931580,0.500001055,-0.349987845,
2026-09-01T22:42:44.229,25.354,joint_state,transfer_object,-0.415156143,0.660036299,-0.529951898,-0.000002865,1.440932435,0.500001042,-0.349987845,
2026-09-01T22:42:44.329,25.454,joint_state,transfer_object,-0.427698650,0.660035882,-0.529952451,-0.000002832,1.440933213,0.500001030,-0.349987845,
2026-09-01T22:42:44.429,25.555,joint_state,transfer_object,-0.440241157,0.660035464,-0.529953005,-0.000002799,1.440933990,0.500001018,-0.349987845,
2026-09-01T22:42:44.529,25.655,joint_state,transfer_object,-0.452783664,0.660035046,-0.529953558,-0.000002766,1.440934768,0.500001006,-0.349987845,
2026-09-01T22:42:44.630,25.756,joint_state,transfer_object,-0.465326171,0.660034628,-0.529954112,-0.000002733,1.440935545,0.500000994,-0.349987845,
2026-09-01T22:42:44.740,25.866,joint_state,transfer_object,-0.479122928,0.660034169,-0.529954720,-0.000002696,1.440936400,0.500000980,-0.349987845,
2026-09-01T22:42:44.850,25.976,joint_state,transfer_object,-0.492919686,0.660033709,-0.529955329,-0.000002660,1.440937256,0.500000967,-0.349987845,
2026-09-01T22:42:44.960,26.086,joint_state,transfer_object,-0.501699437,0.660033416,-0.529955716,-0.000002642,1.440937800,0.500000964,-0.349987844,
2026-09-01T22:42:45.070,26.195,joint_state,transfer_object,-0.501699437,0.660033416,-0.529955716,-0.000002642,1.440937800,0.500000964,-0.349987844,
2026-09-01T22:42:45.170,26.296,joint_state,transfer_object,-0.501699437,0.660033416,-0.529955716,-0.000002642,1.440937800,0.500000964,-0.349987844,
2026-09-01T22:42:45.279,26.405,joint_state,transfer_object,-0.501699437,0.660033416,-0.529955716,-0.000002642,1.440937800,0.500000964,-0.349987844,
2026-09-01T22:42:45.380,26.505,joint_state,transfer_object,-0.501699437,0.660033416,-0.529955716,-0.000002642,1.440937800,0.500000964,-0.349987844,
2026-09-01T22:42:45.399,26.524,arm_command,lower_to_place,-0.501700000,0.660000000,-0.380000000,0.000000000,1.291000000,0.500000000,-0.349987844,duration=6.000
2026-09-01T22:42:45.480,26.606,joint_state,lower_to_place,-0.501698882,0.660066526,-0.528162052,-0.000005245,1.439126275,0.500001918,-0.349987881,
2026-09-01T22:42:45.580,26.706,joint_state,lower_to_place,-0.501698894,0.660066083,-0.525662929,-0.000005189,1.436627240,0.500001904,-0.349987931,
2026-09-01T22:42:45.681,26.806,joint_state,lower_to_place,-0.501698906,0.660065640,-0.523163806,-0.000005134,1.434128205,0.500001890,-0.349987982,
2026-09-01T22:42:45.781,26.907,joint_state,lower_to_place,-0.501698918,0.660065197,-0.520664682,-0.000005078,1.431629171,0.500001876,-0.349988032,
2026-09-01T22:42:45.891,27.016,joint_state,lower_to_place,-0.501698931,0.660064711,-0.517915647,-0.000005017,1.428880233,0.500001861,-0.349988088,
2026-09-01T22:42:46.001,27.126,joint_state,lower_to_place,-0.501698944,0.660064224,-0.515166612,-0.000004957,1.426131295,0.500001845,-0.349988143,
2026-09-01T22:42:46.101,27.226,joint_state,lower_to_place,-0.501698956,0.660063782,-0.512667489,-0.000004901,1.423632262,0.500001831,-0.349988193,
2026-09-01T22:42:46.201,27.327,joint_state,lower_to_place,-0.501698968,0.660063340,-0.510168367,-0.000004846,1.421133228,0.500001817,-0.349988243,
2026-09-01T22:42:46.311,27.437,joint_state,lower_to_place,-0.501698981,0.660062854,-0.507419332,-0.000004785,1.418384291,0.500001801,-0.349988299,
2026-09-01T22:42:46.421,27.547,joint_state,lower_to_place,-0.501698994,0.660062368,-0.504670297,-0.000004724,1.415635354,0.500001785,-0.349988354,
2026-09-01T22:42:46.521,27.647,joint_state,lower_to_place,-0.501699006,0.660061927,-0.502171175,-0.000004669,1.413136321,0.500001771,-0.349988404,
2026-09-01T22:42:46.631,27.757,joint_state,lower_to_place,-0.501699019,0.660061441,-0.499422140,-0.000004609,1.410387385,0.500001755,-0.349988459,
2026-09-01T22:42:46.742,27.868,joint_state,lower_to_place,-0.501699032,0.660060956,-0.496673106,-0.000004548,1.407638449,0.500001739,-0.349988514,
2026-09-01T22:42:46.851,27.977,joint_state,lower_to_place,-0.501699045,0.660060471,-0.493924071,-0.000004487,1.404889514,0.500001723,-0.349988569,
2026-09-01T22:42:46.952,28.078,joint_state,lower_to_place,-0.501699056,0.660060030,-0.491424949,-0.000004432,1.402390481,0.500001709,-0.349988619,
2026-09-01T22:42:47.052,28.178,joint_state,lower_to_place,-0.501699068,0.660059589,-0.488925827,-0.000004377,1.399891449,0.500001694,-0.349988669,
2026-09-01T22:42:47.152,28.278,joint_state,lower_to_place,-0.501699080,0.660059148,-0.486426706,-0.000004322,1.397392417,0.500001680,-0.349988719,
2026-09-01T22:42:47.252,28.378,joint_state,lower_to_place,-0.501699092,0.660058708,-0.483927584,-0.000004268,1.394893386,0.500001665,-0.349988769,
2026-09-01T22:42:47.353,28.478,joint_state,lower_to_place,-0.501699104,0.660058268,-0.481428462,-0.000004213,1.392394354,0.500001650,-0.349988818,
2026-09-01T22:42:47.462,28.588,joint_state,lower_to_place,-0.501699116,0.660057784,-0.478679428,-0.000004152,1.389645419,0.500001634,-0.349988873,
2026-09-01T22:42:47.563,28.688,joint_state,lower_to_place,-0.501699128,0.660057344,-0.476180307,-0.000004098,1.387146388,0.500001619,-0.349988923,
2026-09-01T22:42:47.663,28.789,joint_state,lower_to_place,-0.501699140,0.660056904,-0.473681185,-0.000004043,1.384647357,0.500001604,-0.349988972,
2026-09-01T22:42:47.763,28.889,joint_state,lower_to_place,-0.501699152,0.660056464,-0.471182064,-0.000003988,1.382148326,0.500001589,-0.349989022,
2026-09-01T22:42:47.863,28.989,joint_state,lower_to_place,-0.501699163,0.660056025,-0.468682942,-0.000003934,1.379649295,0.500001574,-0.349989072,
2026-09-01T22:42:47.973,29.099,joint_state,lower_to_place,-0.501699176,0.660055541,-0.465933909,-0.000003873,1.376900362,0.500001558,-0.349989126,
2026-09-01T22:42:48.074,29.200,joint_state,lower_to_place,-0.501699188,0.660055102,-0.463434788,-0.000003819,1.374401331,0.500001543,-0.349989176,
2026-09-01T22:42:48.184,29.309,joint_state,lower_to_place,-0.501699201,0.660054619,-0.460685754,-0.000003759,1.371652398,0.500001526,-0.349989230,
2026-09-01T22:42:48.284,29.410,joint_state,lower_to_place,-0.501699213,0.660054180,-0.458186633,-0.000003704,1.369153368,0.500001511,-0.349989279,
2026-09-01T22:42:48.384,29.510,joint_state,lower_to_place,-0.501699224,0.660053741,-0.455687512,-0.000003650,1.366654338,0.500001496,-0.349989329,
2026-09-01T22:42:48.484,29.610,joint_state,lower_to_place,-0.501699236,0.660053302,-0.453188391,-0.000003595,1.364155308,0.500001481,-0.349989378,
2026-09-01T22:42:48.584,29.710,joint_state,lower_to_place,-0.501699248,0.660052864,-0.450689270,-0.000003541,1.361656279,0.500001466,-0.349989427,
2026-09-01T22:42:48.694,29.820,joint_state,lower_to_place,-0.501699261,0.660052381,-0.447940236,-0.000003481,1.358907346,0.500001449,-0.349989481,
2026-09-01T22:42:48.794,29.920,joint_state,lower_to_place,-0.501699272,0.660051943,-0.445441115,-0.000003427,1.356408317,0.500001434,-0.349989531,
2026-09-01T22:42:48.904,30.030,joint_state,lower_to_place,-0.501699285,0.660051461,-0.442692082,-0.000003367,1.353659385,0.500001417,-0.349989585,
2026-09-01T22:42:49.014,30.140,joint_state,lower_to_place,-0.501699298,0.660050979,-0.439943049,-0.000003308,1.350910453,0.500001400,-0.349989639,
2026-09-01T22:42:49.115,30.241,joint_state,lower_to_place,-0.501699310,0.660050541,-0.437443928,-0.000003253,1.348411424,0.500001385,-0.349989688,
2026-09-01T22:42:49.224,30.350,joint_state,lower_to_place,-0.501699322,0.660050060,-0.434694895,-0.000003194,1.345662492,0.500001368,-0.349989742,
2026-09-01T22:42:49.325,30.450,joint_state,lower_to_place,-0.501699334,0.660049622,-0.432195774,-0.000003140,1.343163463,0.500001352,-0.349989790,
2026-09-01T22:42:49.425,30.551,joint_state,lower_to_place,-0.501699346,0.660049184,-0.429696654,-0.000003086,1.340664435,0.500001337,-0.349989839,
2026-09-01T22:42:49.525,30.651,joint_state,lower_to_place,-0.501699357,0.660048747,-0.427197533,-0.000003031,1.338165407,0.500001321,-0.349989888,
2026-09-01T22:42:49.625,30.751,joint_state,lower_to_place,-0.501699369,0.660048310,-0.424698412,-0.000002977,1.335666378,0.500001306,-0.349989937,
2026-09-01T22:42:49.725,30.851,joint_state,lower_to_place,-0.501699380,0.660047872,-0.422199291,-0.000002923,1.333167350,0.500001290,-0.349989986,
2026-09-01T22:42:49.825,30.951,joint_state,lower_to_place,-0.501699392,0.660047435,-0.419700170,-0.000002869,1.330668322,0.500001274,-0.349990035,
2026-09-01T22:42:49.935,31.061,joint_state,lower_to_place,-0.501699405,0.660046955,-0.416951137,-0.000002810,1.327919391,0.500001257,-0.349990088,
2026-09-01T22:42:50.035,31.161,joint_state,lower_to_place,-0.501699416,0.660046518,-0.414452016,-0.000002756,1.325420364,0.500001242,-0.349990137,
2026-09-01T22:42:50.136,31.262,joint_state,lower_to_place,-0.501699428,0.660046081,-0.411952896,-0.000002702,1.322921336,0.500001226,-0.349990185,
2026-09-01T22:42:50.246,31.371,joint_state,lower_to_place,-0.501699441,0.660045601,-0.409203863,-0.000002643,1.320172406,0.500001208,-0.349990239,
2026-09-01T22:42:50.346,31.472,joint_state,lower_to_place,-0.501699452,0.660045164,-0.406704742,-0.000002589,1.317673379,0.500001193,-0.349990287,
2026-09-01T22:42:50.446,31.572,joint_state,lower_to_place,-0.501699464,0.660044728,-0.404205621,-0.000002536,1.315174351,0.500001177,-0.349990336,
2026-09-01T22:42:50.546,31.672,joint_state,lower_to_place,-0.501699475,0.660044291,-0.401706500,-0.000002482,1.312675324,0.500001161,-0.349990384,
2026-09-01T22:42:50.647,31.772,joint_state,lower_to_place,-0.501699487,0.660043855,-0.399207379,-0.000002428,1.310176297,0.500001145,-0.349990433,
2026-09-01T22:42:50.757,31.882,joint_state,lower_to_place,-0.501699499,0.660043376,-0.396458346,-0.000002369,1.307427367,0.500001127,-0.349990486,
2026-09-01T22:42:50.857,31.983,joint_state,lower_to_place,-0.501699511,0.660042940,-0.393959226,-0.000002315,1.304928341,0.500001111,-0.349990534,
2026-09-01T22:42:50.958,32.083,joint_state,lower_to_place,-0.501699522,0.660042504,-0.391460105,-0.000002262,1.302429314,0.500001095,-0.349990582,
2026-09-01T22:42:51.067,32.193,joint_state,lower_to_place,-0.501699535,0.660042024,-0.388711072,-0.000002203,1.299680385,0.500001078,-0.349990635,
2026-09-01T22:42:51.168,32.293,joint_state,lower_to_place,-0.501699547,0.660041589,-0.386211951,-0.000002149,1.297181358,0.500001061,-0.349990683,
2026-09-01T22:42:51.268,32.394,joint_state,lower_to_place,-0.501699558,0.660041153,-0.383712830,-0.000002096,1.294682332,0.500001045,-0.349990731,
2026-09-01T22:42:51.377,32.503,joint_state,lower_to_place,-0.501699571,0.660040674,-0.380963797,-0.000002037,1.291933403,0.500001028,-0.349990784,
2026-09-01T22:42:51.488,32.613,joint_state,lower_to_place,-0.501699575,0.660040501,-0.379964149,-0.000002016,1.290933793,0.500001021,-0.349990804,
2026-09-01T22:42:51.588,32.714,joint_state,lower_to_place,-0.501699575,0.660040501,-0.379964149,-0.000002016,1.290933793,0.500001021,-0.349990804,
2026-09-01T22:42:51.698,32.824,joint_state,lower_to_place,-0.501699575,0.660040501,-0.379964149,-0.000002016,1.290933793,0.500001021,-0.349990804,
2026-09-01T22:42:51.798,32.924,joint_state,lower_to_place,-0.501699575,0.660040501,-0.379964149,-0.000002016,1.290933793,0.500001021,-0.349990804,
2026-09-01T22:42:51.898,33.024,joint_state,lower_to_place,-0.501699575,0.660040501,-0.379964149,-0.000002016,1.290933793,0.500001021,-0.349990804,
2026-09-01T22:42:51.902,33.027,service_response,detach_object,,,,,,,-0.349990804,detach success
2026-09-01T22:42:51.903,33.029,gripper_command,release_object,,,,,,,0.150000000,target=0.15
2026-09-01T22:42:52.000,33.125,joint_state,release_object,-0.501699790,0.660039486,-0.379969138,-0.000000987,1.290940788,0.500000512,0.150000017,
2026-09-01T22:42:52.100,33.226,joint_state,release_object,-0.501699790,0.660039486,-0.379969138,-0.000000987,1.290940788,0.500000512,0.150000017,
2026-09-01T22:42:52.200,33.326,joint_state,release_object,-0.501699790,0.660039486,-0.379969138,-0.000000987,1.290940788,0.500000512,0.150000017,
2026-09-01T22:42:52.310,33.435,joint_state,release_object,-0.501699790,0.660039486,-0.379969138,-0.000000987,1.290940788,0.500000512,0.150000017,
2026-09-01T22:42:52.410,33.536,joint_state,release_object,-0.501699790,0.660039486,-0.379969138,-0.000000987,1.290940788,0.500000512,0.150000017,
2026-09-01T22:42:52.510,33.636,joint_state,release_object,-0.501699790,0.660039486,-0.379969138,-0.000000987,1.290940788,0.500000512,0.150000017,
2026-09-01T22:42:52.610,33.736,joint_state,release_object,-0.501699790,0.660039486,-0.379969138,-0.000000987,1.290940788,0.500000512,0.150000017,
2026-09-01T22:42:52.711,33.836,joint_state,release_object,-0.501699790,0.660039486,-0.379969138,-0.000000987,1.290940788,0.500000512,0.150000017,
2026-09-01T22:42:52.811,33.936,joint_state,release_object,-0.501699790,0.660039486,-0.379969138,-0.000000987,1.290940788,0.500000512,0.150000017,
2026-09-01T22:42:52.920,34.046,joint_state,release_object,-0.501699790,0.660039486,-0.379969138,-0.000000987,1.290940788,0.500000512,0.150000017,
2026-09-01T22:42:53.021,34.147,joint_state,release_object,-0.501699790,0.660039486,-0.379969138,-0.000000987,1.290940788,0.500000512,0.150000017,
2026-09-01T22:42:53.121,34.247,joint_state,release_object,-0.501699790,0.660039486,-0.379969138,-0.000000987,1.290940788,0.500000512,0.150000017,
2026-09-01T22:42:53.221,34.347,joint_state,release_object,-0.501699790,0.660039486,-0.379969138,-0.000000987,1.290940788,0.500000512,0.150000017,
2026-09-01T22:42:53.331,34.457,joint_state,release_object,-0.501699790,0.660039486,-0.379969138,-0.000000987,1.290940788,0.500000512,0.150000017,
2026-09-01T22:42:53.431,34.557,joint_state,release_object,-0.501699790,0.660039486,-0.379969138,-0.000000987,1.290940788,0.500000512,0.150000017,
2026-09-01T22:42:53.532,34.658,joint_state,release_object,-0.501699790,0.660039486,-0.379969138,-0.000000987,1.290940788,0.500000512,0.150000017,
2026-09-01T22:42:53.641,34.767,joint_state,release_object,-0.501699790,0.660039486,-0.379969138,-0.000000987,1.290940788,0.500000512,0.150000017,
2026-09-01T22:42:53.752,34.877,joint_state,release_object,-0.501699790,0.660039486,-0.379969138,-0.000000987,1.290940788,0.500000512,0.150000017,
2026-09-01T22:42:53.852,34.978,joint_state,release_object,-0.501699790,0.660039486,-0.379969138,-0.000000987,1.290940788,0.500000512,0.150000017,
2026-09-01T22:42:53.904,35.030,arm_command,retreat_from_place,-0.501700000,0.660000000,-0.530000000,0.000000000,1.441000000,0.500000000,0.150000017,duration=6.000
2026-09-01T22:42:53.952,35.078,joint_state,retreat_from_place,-0.501699582,0.660078746,-0.380688401,-0.000001970,1.291631892,0.500001022,0.150000017,
2026-09-01T22:42:54.062,35.188,joint_state,retreat_from_place,-0.501699584,0.660077900,-0.383438828,-0.000001959,1.294383046,0.500001014,0.150000017,
2026-09-01T22:42:54.162,35.288,joint_state,retreat_from_place,-0.501699586,0.660077131,-0.385939216,-0.000001949,1.296884094,0.500001006,0.150000018,
2026-09-01T22:42:54.272,35.398,joint_state,retreat_from_place,-0.501699588,0.660076285,-0.388689643,-0.000001938,1.299635248,0.500000998,0.150000018,
2026-09-01T22:42:54.382,35.508,joint_state,retreat_from_place,-0.501699590,0.660075439,-0.391440069,-0.000001927,1.302386402,0.500000990,0.150000018,
2026-09-01T22:42:54.483,35.609,joint_state,retreat_from_place,-0.501699592,0.660074670,-0.393940457,-0.000001917,1.304887451,0.500000982,0.150000018,
2026-09-01T22:42:54.593,35.719,joint_state,retreat_from_place,-0.501699594,0.660073824,-0.396690884,-0.000001906,1.307638605,0.500000974,0.150000018,
2026-09-01T22:42:54.703,35.829,joint_state,retreat_from_place,-0.501699597,0.660072979,-0.399441311,-0.000001895,1.310389759,0.500000966,0.150000018,
2026-09-01T22:42:54.803,35.929,joint_state,retreat_from_place,-0.501699599,0.660072210,-0.401941699,-0.000001885,1.312890809,0.500000958,0.150000018,
2026-09-01T22:42:54.913,36.039,joint_state,retreat_from_place,-0.501699601,0.660071365,-0.404692126,-0.000001874,1.315641963,0.500000949,0.150000018,
2026-09-01T22:42:55.013,36.139,joint_state,retreat_from_place,-0.501699603,0.660070597,-0.407192514,-0.000001864,1.318143013,0.500000942,0.150000019,
2026-09-01T22:42:55.113,36.239,joint_state,retreat_from_place,-0.501699605,0.660069828,-0.409692902,-0.000001854,1.320644063,0.500000934,0.150000019,
2026-09-01T22:42:55.213,36.339,joint_state,retreat_from_place,-0.501699607,0.660069060,-0.412193290,-0.000001845,1.323145113,0.500000926,0.150000019,
2026-09-01T22:42:55.324,36.449,joint_state,retreat_from_place,-0.501699609,0.660068215,-0.414943717,-0.000001834,1.325896268,0.500000918,0.150000019,
2026-09-01T22:42:55.425,36.550,joint_state,retreat_from_place,-0.501699611,0.660067448,-0.417444105,-0.000001824,1.328397318,0.500000910,0.150000019,
2026-09-01T22:42:55.534,36.660,joint_state,retreat_from_place,-0.501699613,0.660066603,-0.420194532,-0.000001813,1.331148473,0.500000901,0.150000019,
2026-09-01T22:42:55.644,36.770,joint_state,retreat_from_place,-0.501699615,0.660065759,-0.422944959,-0.000001803,1.333899629,0.500000893,0.150000019,
2026-09-01T22:42:55.745,36.871,joint_state,retreat_from_place,-0.501699617,0.660064991,-0.425445347,-0.000001793,1.336400679,0.500000885,0.150000019,
2026-09-01T22:42:55.854,36.980,joint_state,retreat_from_place,-0.501699619,0.660064147,-0.428195774,-0.000001783,1.339151835,0.500000876,0.150000020,
2026-09-01T22:42:55.965,37.091,joint_state,retreat_from_place,-0.501699621,0.660063303,-0.430946202,-0.000001772,1.341902991,0.500000868,0.150000020,
2026-09-01T22:42:56.065,37.191,joint_state,retreat_from_place,-0.501699623,0.660062536,-0.433446590,-0.000001762,1.344404042,0.500000860,0.150000020,
2026-09-01T22:42:56.165,37.291,joint_state,retreat_from_place,-0.501699625,0.660061769,-0.435946978,-0.000001753,1.346905093,0.500000852,0.150000020,
2026-09-01T22:42:56.265,37.391,joint_state,retreat_from_place,-0.501699627,0.660061003,-0.438447367,-0.000001743,1.349406144,0.500000844,0.150000020,
2026-09-01T22:42:56.365,37.491,joint_state,retreat_from_place,-0.501699629,0.660060236,-0.440947755,-0.000001734,1.351907195,0.500000836,0.150000020,
2026-09-01T22:42:56.475,37.601,joint_state,retreat_from_place,-0.501699631,0.660059393,-0.443698183,-0.000001723,1.354658352,0.500000827,0.150000020,
2026-09-01T22:42:56.575,37.701,joint_state,retreat_from_place,-0.501699633,0.660058626,-0.446198571,-0.000001714,1.357159404,0.500000819,0.150000020,
2026-09-01T22:42:56.675,37.801,joint_state,retreat_from_place,-0.501699635,0.660057860,-0.448698960,-0.000001705,1.359660456,0.500000811,0.150000021,
2026-09-01T22:42:56.776,37.901,joint_state,retreat_from_place,-0.501699636,0.660057094,-0.451199348,-0.000001695,1.362161507,0.500000803,0.150000021,
2026-09-01T22:42:56.876,38.002,joint_state,retreat_from_place,-0.501699638,0.660056328,-0.453699737,-0.000001686,1.364662560,0.500000795,0.150000021,
2026-09-01T22:42:56.976,38.102,joint_state,retreat_from_place,-0.501699640,0.660055562,-0.456200126,-0.000001677,1.367163612,0.500000787,0.150000021,
2026-09-01T22:42:57.076,38.202,joint_state,retreat_from_place,-0.501699642,0.660054796,-0.458700515,-0.000001667,1.369664664,0.500000779,0.150000021,
2026-09-01T22:42:57.176,38.302,joint_state,retreat_from_place,-0.501699644,0.660054030,-0.461200904,-0.000001658,1.372165717,0.500000770,0.150000021,
2026-09-01T22:42:57.276,38.402,joint_state,retreat_from_place,-0.501699646,0.660053265,-0.463701293,-0.000001649,1.374666769,0.500000762,0.150000021,
2026-09-01T22:42:57.386,38.512,joint_state,retreat_from_place,-0.501699648,0.660052423,-0.466451721,-0.000001639,1.377417927,0.500000753,0.150000021,
2026-09-01T22:42:57.486,38.612,joint_state,retreat_from_place,-0.501699649,0.660051658,-0.468952110,-0.000001630,1.379918980,0.500000745,0.150000022,
2026-09-01T22:42:57.587,38.713,joint_state,retreat_from_place,-0.501699651,0.660050893,-0.471452499,-0.000001621,1.382420033,0.500000737,0.150000022,
2026-09-01T22:42:57.687,38.813,joint_state,retreat_from_place,-0.501699653,0.660050128,-0.473952888,-0.000001611,1.384921087,0.500000728,0.150000022,
2026-09-01T22:42:57.787,38.913,joint_state,retreat_from_place,-0.501699655,0.660049363,-0.476453277,-0.000001602,1.387422140,0.500000720,0.150000022,
2026-09-01T22:42:57.887,39.013,joint_state,retreat_from_place,-0.501699657,0.660048598,-0.478953667,-0.000001593,1.389923194,0.500000712,0.150000022,
2026-09-01T22:42:57.997,39.123,joint_state,retreat_from_place,-0.501699659,0.660047757,-0.481704095,-0.000001583,1.392674353,0.500000703,0.150000022,
2026-09-01T22:42:58.107,39.233,joint_state,retreat_from_place,-0.501699661,0.660046916,-0.484454524,-0.000001574,1.395425512,0.500000693,0.150000022,
2026-09-01T22:42:58.207,39.333,joint_state,retreat_from_place,-0.501699662,0.660046152,-0.486954914,-0.000001565,1.397926566,0.500000685,0.150000023,
2026-09-01T22:42:58.308,39.433,joint_state,retreat_from_place,-0.501699664,0.660045388,-0.489455303,-0.000001556,1.400427621,0.500000677,0.150000023,
2026-09-01T22:42:58.408,39.534,joint_state,retreat_from_place,-0.501699666,0.660044624,-0.491955693,-0.000001547,1.402928675,0.500000668,0.150000023,
2026-09-01T22:42:58.518,39.644,joint_state,retreat_from_place,-0.501699668,0.660043784,-0.494706122,-0.000001537,1.405679835,0.500000659,0.150000023,
2026-09-01T22:42:58.618,39.744,joint_state,retreat_from_place,-0.501699669,0.660043021,-0.497206512,-0.000001528,1.408180890,0.500000650,0.150000023,
2026-09-01T22:42:58.719,39.844,joint_state,retreat_from_place,-0.501699671,0.660042257,-0.499706902,-0.000001520,1.410681945,0.500000642,0.150000023,
2026-09-01T22:42:58.828,39.954,joint_state,retreat_from_place,-0.501699673,0.660041418,-0.502457332,-0.000001510,1.413433106,0.500000632,0.150000023,
2026-09-01T22:42:58.938,40.064,joint_state,retreat_from_place,-0.501699675,0.660040578,-0.505207761,-0.000001500,1.416184267,0.500000623,0.150000024,
2026-09-01T22:42:59.039,40.165,joint_state,retreat_from_place,-0.501699677,0.660039815,-0.507708152,-0.000001492,1.418685322,0.500000614,0.150000024,
2026-09-01T22:42:59.148,40.274,joint_state,retreat_from_place,-0.501699679,0.660038976,-0.510458581,-0.000001482,1.421436484,0.500000605,0.150000024,
2026-09-01T22:42:59.249,40.374,joint_state,retreat_from_place,-0.501699680,0.660038214,-0.512958972,-0.000001474,1.423937540,0.500000596,0.150000024,
2026-09-01T22:42:59.349,40.475,joint_state,retreat_from_place,-0.501699682,0.660037451,-0.515459363,-0.000001465,1.426438596,0.500000587,0.150000024,
2026-09-01T22:42:59.449,40.575,joint_state,retreat_from_place,-0.501699684,0.660036689,-0.517959754,-0.000001457,1.428939652,0.500000579,0.150000024,
2026-09-01T22:42:59.549,40.675,joint_state,retreat_from_place,-0.501699685,0.660035927,-0.520460145,-0.000001448,1.431440709,0.500000570,0.150000024,
2026-09-01T22:42:59.650,40.776,joint_state,retreat_from_place,-0.501699687,0.660035165,-0.522960537,-0.000001440,1.433941766,0.500000561,0.150000025,
2026-09-01T22:42:59.760,40.885,joint_state,retreat_from_place,-0.501699689,0.660034327,-0.525710967,-0.000001430,1.436692928,0.500000551,0.150000025,
2026-09-01T22:42:59.860,40.985,joint_state,retreat_from_place,-0.501699690,0.660033565,-0.528211359,-0.000001422,1.439193985,0.500000542,0.150000025,
2026-09-01T22:42:59.969,41.095,joint_state,retreat_from_place,-0.501699692,0.660033031,-0.529961632,-0.000001416,1.440944725,0.500000536,0.150000025,
2026-09-01T22:43:00.070,41.196,joint_state,retreat_from_place,-0.501699692,0.660033031,-0.529961632,-0.000001416,1.440944725,0.500000536,0.150000025,
2026-09-01T22:43:00.170,41.296,joint_state,retreat_from_place,-0.501699692,0.660033031,-0.529961632,-0.000001416,1.440944725,0.500000536,0.150000025,
2026-09-01T22:43:00.271,41.396,joint_state,retreat_from_place,-0.501699692,0.660033031,-0.529961632,-0.000001416,1.440944725,0.500000536,0.150000025,
2026-09-01T22:43:00.371,41.497,joint_state,retreat_from_place,-0.501699692,0.660033031,-0.529961632,-0.000001416,1.440944725,0.500000536,0.150000025,
2026-09-01T22:43:00.406,41.532,arm_command,return_to_safe,0.502656000,-0.492589000,0.130444000,0.000000000,1.042811000,0.001002000,0.150000025,duration=8.000
2026-09-01T22:43:00.481,41.606,joint_state,return_to_safe,-0.494166713,0.651420759,-0.524969145,-0.000002817,1.437902937,0.496258589,0.150000024,
2026-09-01T22:43:00.591,41.717,joint_state,return_to_safe,-0.480356825,0.635571055,-0.515886621,-0.000002780,1.432427677,0.489397360,0.150000023,
2026-09-01T22:43:00.701,41.826,joint_state,return_to_safe,-0.466546937,0.619721354,-0.506804120,-0.000002742,1.426952427,0.482536131,0.150000021,
2026-09-01T22:43:00.810,41.936,joint_state,return_to_safe,-0.452737049,0.603871656,-0.497721643,-0.000002704,1.421477190,0.475674901,0.150000020,
2026-09-01T22:43:00.911,42.037,joint_state,return_to_safe,-0.440182606,0.589462843,-0.489464865,-0.000002668,1.416499713,0.469437419,0.150000019,
2026-09-01T22:43:01.021,42.146,joint_state,return_to_safe,-0.426372719,0.573613153,-0.480382432,-0.000002628,1.411024499,0.462576189,0.150000018,
2026-09-01T22:43:01.130,42.256,joint_state,return_to_safe,-0.412562831,0.557763466,-0.471300022,-0.000002587,1.405549299,0.455714957,0.150000016,
2026-09-01T22:43:01.231,42.357,joint_state,return_to_safe,-0.400008389,0.543354664,-0.463043307,-0.000002550,1.400571855,0.449477474,0.150000015,
2026-09-01T22:43:01.332,42.457,joint_state,return_to_safe,-0.387453946,0.528945864,-0.454786611,-0.000002512,1.395594423,0.443239990,0.150000014,
2026-09-01T22:43:01.432,42.557,joint_state,return_to_safe,-0.374899503,0.514537068,-0.446529935,-0.000002473,1.390617003,0.437002505,0.150000013,
2026-09-01T22:43:01.532,42.658,joint_state,return_to_safe,-0.362345061,0.500128275,-0.438273279,-0.000002435,1.385639594,0.430765021,0.150000012,
2026-09-01T22:43:01.632,42.758,joint_state,return_to_safe,-0.349790619,0.485719485,-0.430016642,-0.000002395,1.380662197,0.424527535,0.150000011,
2026-09-01T22:43:01.732,42.858,joint_state,return_to_safe,-0.337236176,0.471310699,-0.421760026,-0.000002356,1.375684813,0.418290050,0.150000010,
2026-09-01T22:43:01.843,42.969,joint_state,return_to_safe,-0.323426290,0.455461038,-0.412677771,-0.000002312,1.370209704,0.411428815,0.150000010,
2026-09-01T22:43:01.952,43.078,joint_state,return_to_safe,-0.309616404,0.439611381,-0.403595540,-0.000002267,1.364734610,0.404567580,0.150000009,
2026-09-01T22:43:02.062,43.188,joint_state,return_to_safe,-0.295806518,0.423761729,-0.394513334,-0.000002223,1.359259532,0.397706345,0.150000008,
2026-09-01T22:43:02.162,43.288,joint_state,return_to_safe,-0.283252076,0.409352957,-0.386256804,-0.000002182,1.354282202,0.391468857,0.150000007,
2026-09-01T22:43:02.263,43.388,joint_state,return_to_safe,-0.270697634,0.394944189,-0.378000294,-0.000002141,1.349304885,0.385231370,0.150000007,
2026-09-01T22:43:02.372,43.498,joint_state,return_to_safe,-0.256887748,0.379094548,-0.368918157,-0.000002096,1.343829852,0.378370133,0.150000006,
2026-09-01T22:43:02.473,43.598,joint_state,return_to_safe,-0.244333307,0.364685788,-0.360661689,-0.000002054,1.338852564,0.372132645,0.150000005,
2026-09-01T22:43:02.573,43.699,joint_state,return_to_safe,-0.231778865,0.350277030,-0.352405242,-0.000002013,1.333875289,0.365895156,0.150000005,
2026-09-01T22:43:02.673,43.799,joint_state,return_to_safe,-0.219224424,0.335868277,-0.344148815,-0.000001971,1.328898029,0.359657667,0.150000004,
2026-09-01T22:43:02.783,43.909,joint_state,return_to_safe,-0.205414538,0.320018652,-0.335066769,-0.000001926,1.323423058,0.352796429,0.150000004,
2026-09-01T22:43:02.883,44.009,joint_state,return_to_safe,-0.192860097,0.305609905,-0.326810384,-0.000001884,1.318445827,0.346558940,0.150000003,
2026-09-01T22:43:02.984,44.110,joint_state,return_to_safe,-0.180305656,0.291201162,-0.318554020,-0.000001842,1.313468611,0.340321450,0.150000003,
2026-09-01T22:43:03.093,44.219,joint_state,return_to_safe,-0.166495770,0.275351549,-0.309472042,-0.000001797,1.307993690,0.333460211,0.150000003,
2026-09-01T22:43:03.194,44.319,joint_state,return_to_safe,-0.153941329,0.260942814,-0.301215721,-0.000001755,1.303016504,0.327222721,0.150000002,
2026-09-01T22:43:03.294,44.419,joint_state,return_to_safe,-0.141386888,0.246534082,-0.292959419,-0.000001714,1.298039333,0.320985231,0.150000002,
2026-09-01T22:43:03.404,44.530,joint_state,return_to_safe,-0.127577002,0.230684480,-0.283877510,-0.000001668,1.292564463,0.314123991,0.150000002,
2026-09-01T22:43:03.504,44.630,joint_state,return_to_safe,-0.115022561,0.216275755,-0.275621251,-0.000001627,1.287587323,0.307886500,0.150000002,
2026-09-01T22:43:03.604,44.730,joint_state,return_to_safe,-0.102468120,0.201867034,-0.267365011,-0.000001586,1.282610199,0.301649009,0.150000001,
2026-09-01T22:43:03.704,44.830,joint_state,return_to_safe,-0.089913679,0.187458316,-0.259108792,-0.000001546,1.277633091,0.295411518,0.150000001,
2026-09-01T22:43:03.805,44.931,joint_state,return_to_safe,-0.077359237,0.173049601,-0.250852592,-0.000001505,1.272655998,0.289174027,0.150000001,
2026-09-01T22:43:03.905,45.031,joint_state,return_to_safe,-0.064804796,0.158640890,-0.242596413,-0.000001465,1.267678920,0.282936536,0.150000001,
2026-09-01T22:43:04.005,45.131,joint_state,return_to_safe,-0.052250355,0.144232182,-0.234340253,-0.000001425,1.262701859,0.276699045,0.150000001,
2026-09-01T22:43:04.115,45.241,joint_state,return_to_safe,-0.038440469,0.128382607,-0.225258501,-0.000001382,1.257227109,0.269837805,0.150000001,
2026-09-01T22:43:04.216,45.342,joint_state,return_to_safe,-0.025886028,0.113973906,-0.217002383,-0.000001342,1.252250081,0.263600313,0.150000000,
2026-09-01T22:43:04.325,45.451,joint_state,return_to_safe,-0.012076142,0.098124339,-0.207920676,-0.000001300,1.246775368,0.256739073,0.150000000,
2026-09-01T22:43:04.425,45.551,joint_state,return_to_safe,0.000478299,0.083715645,-0.199664600,-0.000001261,1.241798374,0.250501582,0.150000000,
2026-09-01T22:43:04.526,45.651,joint_state,return_to_safe,0.013032741,0.069306954,-0.191408544,-0.000001223,1.236821395,0.244264091,0.150000000,
2026-09-01T22:43:04.635,45.761,joint_state,return_to_safe,0.026842627,0.053457398,-0.182326904,-0.000001182,1.231346738,0.237402850,0.150000000,
2026-09-01T22:43:04.736,45.862,joint_state,return_to_safe,0.039397068,0.039048714,-0.174070889,-0.000001145,1.226369794,0.231165359,0.150000000,
2026-09-01T22:43:04.845,45.971,joint_state,return_to_safe,0.053206955,0.023199165,-0.164989294,-0.000001105,1.220895175,0.224304119,0.150000000,
2026-09-01T22:43:04.945,46.071,joint_state,return_to_safe,0.065761398,0.008790488,-0.156733320,-0.000001071,1.215918266,0.218066630,0.150000000,
2026-09-01T22:43:05.055,46.181,joint_state,return_to_safe,0.079571284,-0.007059054,-0.147651770,-0.000001031,1.210443685,0.211205390,0.150000000,
2026-09-01T22:43:05.156,46.282,joint_state,return_to_safe,0.092125726,-0.021467725,-0.139395836,-0.000000996,1.205466811,0.204967900,0.150000000,
2026-09-01T22:43:05.266,46.392,joint_state,return_to_safe,0.105935613,-0.037317260,-0.130314331,-0.000000958,1.199992269,0.198106661,0.150000000,
2026-09-01T22:43:05.367,46.493,joint_state,return_to_safe,0.118490055,-0.051725925,-0.122058438,-0.000000924,1.195015431,0.191869171,0.150000000,
2026-09-01T22:43:05.477,46.602,joint_state,return_to_safe,0.132299961,-0.067575447,-0.112976977,-0.000000970,1.189540934,0.185007982,0.150001144,
2026-09-01T22:43:05.577,46.702,joint_state,return_to_safe,0.144854386,-0.081984111,-0.104721124,-0.000000858,1.184564125,0.178770444,0.150000000,
2026-09-01T22:43:05.677,46.803,joint_state,return_to_safe,0.157408829,-0.096392767,-0.096465289,-0.000000827,1.179587340,0.172532956,0.150000000,
2026-09-01T22:43:05.778,46.903,joint_state,return_to_safe,0.169963271,-0.110801420,-0.088209474,-0.000000793,1.174610571,0.166295466,0.150000000,
2026-09-01T22:43:05.878,47.004,joint_state,return_to_safe,0.182517715,-0.125210070,-0.079953677,-0.000000764,1.169633820,0.160057978,0.150000000,
2026-09-01T22:43:05.988,47.114,joint_state,return_to_safe,0.196327602,-0.141059582,-0.070872322,-0.000000730,1.164159413,0.153196741,0.150000000,
2026-09-01T22:43:06.098,47.223,joint_state,return_to_safe,0.210137490,-0.156909090,-0.061790990,-0.000000699,1.158685028,0.146335505,0.150000000,
2026-09-01T22:43:06.208,47.334,joint_state,return_to_safe,0.223947384,-0.172758594,-0.052709680,-0.000000691,1.153210665,0.139474284,0.150000309,
2026-09-01T22:43:06.308,47.434,joint_state,return_to_safe,0.236501823,-0.187167234,-0.044453964,-0.000000641,1.148233988,0.133236783,0.150000000,
2026-09-01T22:43:06.409,47.535,joint_state,return_to_safe,0.249056270,-0.201575869,-0.036198266,-0.000000623,1.143257329,0.126999302,0.150000112,
2026-09-01T22:43:06.519,47.644,joint_state,return_to_safe,0.262866157,-0.217425365,-0.027117020,-0.000000587,1.137783024,0.120138063,0.150000000,
2026-09-01T22:43:06.629,47.754,joint_state,return_to_safe,0.276676045,-0.233274859,-0.018035795,-0.000000553,1.132308741,0.113276825,0.149999911,
2026-09-01T22:43:06.738,47.864,joint_state,return_to_safe,0.290485933,-0.249124349,-0.008954593,-0.000000519,1.126834480,0.106415587,0.149999816,
2026-09-01T22:43:06.848,47.974,joint_state,return_to_safe,0.304295821,-0.264973836,0.000126587,-0.000000487,1.121360240,0.099554350,0.149999726,
2026-09-01T22:43:06.948,48.074,joint_state,return_to_safe,0.316850265,-0.279382458,0.008382187,-0.000000458,1.116383677,0.093316862,0.149999647,
2026-09-01T22:43:07.048,48.174,joint_state,return_to_safe,0.329404709,-0.293791078,0.016637768,-0.000000431,1.111407131,0.087079376,0.149999572,
2026-09-01T22:43:07.148,48.274,joint_state,return_to_safe,0.341959154,-0.308199695,0.024893332,-0.000000405,1.106430604,0.080841890,0.149999500,
2026-09-01T22:43:07.249,48.374,joint_state,return_to_safe,0.354513600,-0.322608310,0.033148877,-0.000000380,1.101454095,0.074604404,0.149999431,
2026-09-01T22:43:07.349,48.475,joint_state,return_to_safe,0.367068045,-0.337016923,0.041404405,-0.000000355,1.096477603,0.068366919,0.149999366,
2026-09-01T22:43:07.459,48.585,joint_state,return_to_safe,0.380877936,-0.352866394,0.050485465,-0.000000330,1.091003484,0.061505687,0.149999298,
2026-09-01T22:43:07.560,48.686,joint_state,return_to_safe,0.393432382,-0.367275001,0.058740956,-0.000000308,1.086027030,0.055268204,0.149999239,
2026-09-01T22:43:07.660,48.786,joint_state,return_to_safe,0.405986829,-0.381683607,0.066996430,-0.000000287,1.081050595,0.049030721,0.149999183,
2026-09-01T22:43:07.770,48.896,joint_state,return_to_safe,0.419796720,-0.397533070,0.076077430,-0.000000265,1.075576537,0.042169491,0.149999126,
2026-09-01T22:43:07.880,49.006,joint_state,return_to_safe,0.433606612,-0.413382531,0.085158410,-0.000000244,1.070102501,0.035308262,0.149999072,
2026-09-01T22:43:07.990,49.116,joint_state,return_to_safe,0.447416505,-0.429231989,0.094239369,-0.000000225,1.064628487,0.028447033,0.149999021,
2026-09-01T22:43:08.099,49.225,joint_state,return_to_safe,0.461226398,-0.445081445,0.103320307,0.000000240,1.059154494,0.021585805,0.149998975,
2026-09-01T22:43:08.200,49.326,joint_state,return_to_safe,0.473780846,-0.459490038,0.111575687,-0.000000269,1.054178157,0.015348326,0.149998935,
2026-09-01T22:43:08.300,49.426,joint_state,return_to_safe,0.486335294,-0.473898630,0.119831050,-0.000000310,1.049201838,0.009110847,0.149998898,
2026-09-01T22:43:08.410,49.536,joint_state,return_to_safe,0.500145188,-0.489748079,0.128911930,-0.000000507,1.043727908,0.002249621,0.149998861,
2026-09-01T22:43:08.510,49.636,joint_state,return_to_safe,0.502656082,-0.492629786,0.130562994,-0.000000336,1.042732648,0.001002126,0.149998850,
2026-09-01T22:43:08.610,49.736,joint_state,return_to_safe,0.502656082,-0.492629786,0.130562994,0.000000365,1.042732648,0.001002126,0.149998849,
2026-09-01T22:43:08.710,49.836,joint_state,return_to_safe,0.502656082,-0.492629786,0.130562994,-0.000000502,1.042732648,0.001002126,0.149998849,
2026-09-01T22:43:08.820,49.946,joint_state,return_to_safe,0.502656082,-0.492629786,0.130562994,0.000000365,1.042732648,0.001002126,0.149998849,
